Nazwa,Kategoria_API,Ocena,Liczba_Opinii,Poziom_Cen_API,Latitude,Longitude,Szacowany_Koszt_PLN,Szacowany_Czas_MIN
Muzeum Narodowe we Wrocławiu,museum,4.6,9369,PRICE_LEVEL_UNSPECIFIED,51.110637600000004,17.0474577,30,120.0
Muzeum Uniwersytetu Wrocławskiego,museum,4.8,386,PRICE_LEVEL_UNSPECIFIED,51.1137814,17.0335045,30,120.0
Muzeum Iluzji Wrocław,museum,4.5,4081,PRICE_LEVEL_UNSPECIFIED,51.1153227,17.0398388,30,120.0
Muzeum Panorama Racławicka Oddział Muzeum Narodowego we Wrocławiu,museum,4.8,26759,PRICE_LEVEL_UNSPECIFIED,51.1103046,17.0449743,30,120.0
Muzeum Pana Tadeusza,museum,4.6,1590,PRICE_LEVEL_UNSPECIFIED,51.110368799999996,17.030282100000004,30,120.0
Hydropolis,museum,4.4,9243,PRICE_LEVEL_UNSPECIFIED,51.103524,17.0572038,30,120.0
Centrum Historii Zajezdnia,history_museum,4.7,4433,PRICE_LEVEL_UNSPECIFIED,51.0963227,16.9913566,30,60.0
Muzeum Poczty i Telekomunikacji we Wrocławiu,museum,4.6,707,PRICE_LEVEL_UNSPECIFIED,51.1083053,17.044484699999998,30,120.0
Pawilon Czterech Kopuł,art_museum,4.6,2838,PRICE_LEVEL_UNSPECIFIED,51.107878799999995,17.075711,30,60.0
Muzeum Farmacji we Wrocławiu,museum,4.7,350,PRICE_LEVEL_UNSPECIFIED,51.1096085,17.033966500000002,30,120.0
Muzeum Miejskie Wrocławia,museum,4.4,370,PRICE_LEVEL_UNSPECIFIED,51.1074765,17.0288743,30,120.0
Muzeum Militariów,museum,4.7,240,PRICE_LEVEL_UNSPECIFIED,51.112994199999996,17.0269844,30,120.0
Muzeum Gry i Komputery Minionej Ery (Muzeum Gier),museum,4.8,2826,PRICE_LEVEL_UNSPECIFIED,51.1081286,17.0181216,30,120.0
Muzeum Archeologiczne Oddział Muzeum Miejskiego Wrocławia,museum,4.6,1574,PRICE_LEVEL_UNSPECIFIED,51.1129265,17.0264873,30,120.0
Muzeum Przyrodnicze,museum,4.7,1840,PRICE_LEVEL_UNSPECIFIED,51.1168313,17.0464664,30,120.0
Muzeum Współczesne Wrocław,art_museum,4.2,1771,PRICE_LEVEL_UNSPECIFIED,51.113236699999995,17.0050883,30,60.0
Kolejkowo Wrocław,tourist_attraction,4.8,19358,PRICE_LEVEL_UNSPECIFIED,51.0945455,17.0196003,30,60.0
Muzeum Sztuki Medalierskiej,museum,4.7,73,PRICE_LEVEL_UNSPECIFIED,51.107785199999995,17.0292673,30,120.0
Muzeum Sztuki Mieszczańskiej,museum,4.7,5223,PRICE_LEVEL_UNSPECIFIED,51.109661300000006,17.0317516,30,120.0
Muzeum Architektury we Wrocławiu,museum,4.4,1523,PRICE_LEVEL_UNSPECIFIED,51.1095231,17.0421574,30,120.0
Pałac Królewski we Wrocławiu,museum,4.6,3042,PRICE_LEVEL_UNSPECIFIED,51.107436899999996,17.028870599999998,30,120.0
MovieGate,museum,4.5,2345,PRICE_LEVEL_UNSPECIFIED,51.1093641,17.0289799,30,120.0
Muzeum Teatru im. Henryka Tomaszewskiego,museum,4.5,407,PRICE_LEVEL_UNSPECIFIED,51.106934100000004,17.0279696,30,120.0
Muzeum Motoryzacji i Techniki Zamek Topacz,museum,4.7,4081,PRICE_LEVEL_UNSPECIFIED,51.0341017,16.9913073,30,120.0
Muzeum Etnograficzne - Oddział Muzeum Narodowego,history_museum,4.4,1389,PRICE_LEVEL_UNSPECIFIED,51.0998503,17.053012199999998,30,60.0
Muzeum Archidiecezjalne we Wrocławiu,museum,4.6,97,PRICE_LEVEL_UNSPECIFIED,51.1146319,17.047309100000003,30,120.0
Społeczne Muzeum Militarne (fort 9),museum,4.3,243,PRICE_LEVEL_UNSPECIFIED,51.164040799999995,17.0003156,30,120.0
Park Stanisława Tołpy,park,4.7,6445,PRICE_LEVEL_UNSPECIFIED,51.120442499999996,17.0539466,30,60.0
Park Szczytnicki we Wrocławiu,park,4.7,30930,PRICE_LEVEL_UNSPECIFIED,51.1147656,17.081054299999998,30,60.0
Park Południowy,park,4.8,13617,PRICE_LEVEL_UNSPECIFIED,51.076301699999995,17.011135499999998,30,60.0
Park Juliusza Słowackiego,park,4.6,7633,PRICE_LEVEL_UNSPECIFIED,51.109651199999995,17.0451974,30,60.0
Park na Niskich Łąkach,park,4.5,1612,PRICE_LEVEL_UNSPECIFIED,51.0983417,17.0578604,30,60.0
Park im. Stanisława Staszica,park,4.3,2430,PRICE_LEVEL_UNSPECIFIED,51.1240172,17.0308575,30,60.0
Park Mikołaja Kopernika,city_park,4.7,7754,PRICE_LEVEL_UNSPECIFIED,51.1050088,17.0343213,30,60.0
Bastion Sakwowy,park,4.5,4924,PRICE_LEVEL_UNSPECIFIED,51.104927599999996,17.039078099999998,30,60.0
Park Grabiszyński,park,4.7,5937,PRICE_LEVEL_UNSPECIFIED,51.0878431,16.9788332,30,60.0
Park Wschodni,city_park,4.7,3131,PRICE_LEVEL_UNSPECIFIED,51.08468620000001,17.0841593,30,60.0
Park Skowroni,park,4.6,2406,PRICE_LEVEL_UNSPECIFIED,51.0803212,17.027437499999998,30,60.0
Park Tysiąclecia we Wrocławiu,park,4.6,2480,PRICE_LEVEL_UNSPECIFIED,51.1149346,16.9353858,30,60.0
Wyspa Słodowa,park,4.7,7638,PRICE_LEVEL_UNSPECIFIED,51.1160775,17.0375241,30,60.0
Park Brochowski,park,4.7,3383,PRICE_LEVEL_UNSPECIFIED,51.0630266,17.071864899999998,30,60.0
Pixel XL,amusement_center,4.9,7464,PRICE_LEVEL_UNSPECIFIED,51.106962499999995,17.032225999999998,30,60.0
Park Edyty Stein,park,4.4,1365,PRICE_LEVEL_UNSPECIFIED,51.1214923,17.0511783,30,60.0
Kosmopark - interaktywna wystawa o kosmosie dla całej rodziny,amusement_center,4.7,1139,PRICE_LEVEL_UNSPECIFIED,51.1095172,17.0331942,30,60.0
Park Mamuta,park,4.7,2541,PRICE_LEVEL_UNSPECIFIED,51.0811089,16.975497,30,60.0
Skwer św. o. Damiana de Veuster,city_park,4.9,122,PRICE_LEVEL_UNSPECIFIED,51.1166642,17.0140256,30,60.0
Park Zachodni,park,4.7,5178,PRICE_LEVEL_UNSPECIFIED,51.1323534,16.9696234,30,60.0
Ogród Japoński,garden,4.5,23664,PRICE_LEVEL_UNSPECIFIED,51.109660399999996,17.0790447,30,60.0
Park Polana Popowicka,park,4.6,1940,PRICE_LEVEL_UNSPECIFIED,51.1282945,16.9969312,30,60.0
Park Leśnicki,park,4.7,2039,PRICE_LEVEL_UNSPECIFIED,51.148618799999994,16.873856699999997,30,60.0
Bulwar Xawerego Dunikowskiego,park,4.8,167,PRICE_LEVEL_UNSPECIFIED,51.1129556,17.0411947,30,60.0
Las Osobowicki we Wrocławiu,national_park,4.7,647,PRICE_LEVEL_UNSPECIFIED,51.1552328,16.983919699999998,30,60.0
Park Kleciński,park,4.7,3331,PRICE_LEVEL_UNSPECIFIED,51.062694099999995,16.9892622,30,60.0
VirtualCity - Park Rozrywki VR i Salon SimRacing - Wrocław,amusement_center,4.9,570,PRICE_LEVEL_UNSPECIFIED,51.1105569,17.0412245,30,60.0
Park Lesława Węgrzynowskiego,park,4.5,205,PRICE_LEVEL_UNSPECIFIED,51.1044217,17.0145007,30,60.0
Swojczycki Park CZARNA WODA,park,4.4,334,PRICE_LEVEL_UNSPECIFIED,51.1148514,17.125249300000004,30,60.0
Ogród Botaniczny Uniwersytetu Wrocławskiego,botanical_garden,4.8,14518,PRICE_LEVEL_UNSPECIFIED,51.116777,17.0476402,30,60.0
Plac Świętego Macieja,park,4.3,593,PRICE_LEVEL_UNSPECIFIED,51.119988799999994,17.0360177,30,60.0
Strefa Rozrywki,amusement_center,4.9,792,PRICE_LEVEL_UNSPECIFIED,51.108348799999995,17.0404281,30,60.0
Park Krzycki,park,4.5,72,PRICE_LEVEL_UNSPECIFIED,51.070437299999995,16.9896148,30,60.0
Las Rędziński,national_park,4.8,262,PRICE_LEVEL_UNSPECIFIED,51.1648551,16.9498894,30,60.0
Dolina Bystrzycy,park,4.6,3076,PRICE_LEVEL_UNSPECIFIED,51.001785299999995,16.7770238,30,60.0
Park Złotnicki,park,4.7,1472,PRICE_LEVEL_UNSPECIFIED,51.135786499999995,16.8793978,30,60.0
Park Pilczycki,park,4.5,834,PRICE_LEVEL_UNSPECIFIED,51.1400898,16.948812699999998,30,60.0
Wybieg Dla Psów,dog_park,4.5,534,PRICE_LEVEL_UNSPECIFIED,51.12486870000001,17.0427285,30,60.0
Park dla psów Psia Łąka,dog_park,4.7,895,PRICE_LEVEL_UNSPECIFIED,51.0972302,17.0622702,30,60.0
Las Rakowiecki,park,4.5,188,PRICE_LEVEL_UNSPECIFIED,51.094789999999996,17.075350399999998,30,60.0
GOjump MEGApark Długosza - Park Atrakcji,sports_activity_location,4.7,14347,PRICE_LEVEL_UNSPECIFIED,51.1348316,17.066584499999998,30,60.0
Park Strachowicki,park,4.5,244,PRICE_LEVEL_UNSPECIFIED,51.1093605,16.8985427,30,60.0
Krasnal Koparkuś,sculpture,4.9,89,PRICE_LEVEL_UNSPECIFIED,51.112235399999996,17.043162799999998,30,60.0
Fontanna w Parku Stanisława Staszica,fountain,4.4,184,PRICE_LEVEL_UNSPECIFIED,51.124688299999995,17.0300786,30,60.0
Masaje SPA | Salon Masażu Wrocław,massage,5.0,354,PRICE_LEVEL_UNSPECIFIED,51.117250899999995,17.035698000000004,30,60.0
Kwatera Główna Centrum Laser Tag - Wystrzałowa Zabawa!,tourist_attraction,4.8,731,PRICE_LEVEL_UNSPECIFIED,51.118325399999996,17.044001899999998,30,60.0
Kolorowe Podwórka w Mieście Spotkań,tourist_attraction,4.6,3395,PRICE_LEVEL_UNSPECIFIED,51.1221712,17.043181399999998,30,60.0
Bastion Ceglarski,historical_landmark,4.6,2646,PRICE_LEVEL_UNSPECIFIED,51.1114731,17.0455818,30,60.0
Pergola we Wrocławiu,tourist_attraction,4.9,797,PRICE_LEVEL_UNSPECIFIED,51.108091599999995,17.076896899999998,30,60.0
Dzielnica Czterech Wyznań we Wrocławiu,historical_place,4.6,1183,PRICE_LEVEL_UNSPECIFIED,51.108853599999996,17.0267855,30,60.0
Wrocławski Ratusz,historical_landmark,4.9,3316,PRICE_LEVEL_UNSPECIFIED,51.109599,17.0320772,30,60.0
Piastowska Pieczęć. Podziemia zamku książęcego na Ostrowie Tumskim we Wrocławiu.,history_museum,4.7,119,PRICE_LEVEL_UNSPECIFIED,51.1160205,17.043488,30,60.0
Pałac Arcybiskupi,historical_landmark,4.6,104,PRICE_LEVEL_UNSPECIFIED,51.113830799999995,17.0443507,30,60.0
Mauzoleum Piastów Śląskich we Wrocławiu,museum,4.6,63,PRICE_LEVEL_UNSPECIFIED,51.1128725,17.037218,30,120.0
MPWiK - Wieża Ciśnień,historical_landmark,4.8,77,PRICE_LEVEL_UNSPECIFIED,51.104562699999995,17.057821099999998,30,60.0
Pomnik „Ku czci Zwierząt Rzeźnych”,sculpture,4.7,836,PRICE_LEVEL_UNSPECIFIED,51.1120592,17.0310639,30,60.0
Punkt widokowy na Mostku Pokutnic na Katedrze Św. Marii Magdaleny,scenic_spot,4.7,11038,PRICE_LEVEL_UNSPECIFIED,51.1096497,17.034657799999998,30,60.0
Wystawa mieszkaniowa WUWA,historical_landmark,4.6,156,PRICE_LEVEL_UNSPECIFIED,51.104523,17.0840306,30,60.0
Most Tumski,bridge,4.8,18501,PRICE_LEVEL_UNSPECIFIED,51.114701399999994,17.0423269,30,60.0
"Kamieniczki ""Jaś i Małgosia""",historical_landmark,4.6,1200,PRICE_LEVEL_UNSPECIFIED,51.111222,17.0307925,30,60.0
Fontanna Szermierza we Wrocławiu,tourist_attraction,4.8,236,PRICE_LEVEL_UNSPECIFIED,51.11387,17.0341338,30,60.0
Wystawa Budowli z Klocków LEGO® Wrocław,tourist_attraction,4.5,1862,PRICE_LEVEL_UNSPECIFIED,51.0945455,17.0196003,30,60.0
Pręgierz,monument,4.7,889,PRICE_LEVEL_UNSPECIFIED,51.1094653,17.0327099,30,60.0
Park Pawłowicki,park,4.8,1882,PRICE_LEVEL_UNSPECIFIED,51.1717823,17.117541,30,60.0
Ośrodek Postaw Twórczych ZAMEK (Zamek w Leśnicy),cultural_center,4.6,2868,PRICE_LEVEL_UNSPECIFIED,51.146315300000005,16.870528999999998,30,60.0
Iglica,monument,4.6,1431,PRICE_LEVEL_UNSPECIFIED,51.107549999999996,17.075412,30,60.0
Most Grunwaldzki,bridge,4.8,7312,PRICE_LEVEL_UNSPECIFIED,51.1094904,17.0525622,30,60.0
Tętno Art Gallery,art_gallery,4.6,766,PRICE_LEVEL_UNSPECIFIED,51.1121939,17.0305909,30,90.0
Krasnale Syzyfki,sculpture,4.9,974,PRICE_LEVEL_UNSPECIFIED,51.1089384,17.0328886,30,60.0
Arsenał Miejski,historical_landmark,4.6,347,PRICE_LEVEL_UNSPECIFIED,51.1128569,17.0264284,30,60.0
Visitor Centre,museum,4.0,91,PRICE_LEVEL_UNSPECIFIED,51.1069424,17.0764507,30,120.0
Promenada Staromiejska,hiking_area,4.7,635,PRICE_LEVEL_UNSPECIFIED,51.1060926,17.0275168,30,60.0
Otwarta Przestrzeń Kultury (Były kościół pw Św. Jana Nepomucena,church,4.8,204,PRICE_LEVEL_UNSPECIFIED,51.1087308,17.0827532,30,30.0
Fontanna Zdrój,tourist_attraction,4.6,376,PRICE_LEVEL_UNSPECIFIED,51.110457999999994,17.0310865,30,60.0
Fontanna Alegoria Walki i Zwycięstwa,tourist_attraction,4.7,314,PRICE_LEVEL_UNSPECIFIED,51.1111091,17.0222888,30,60.0
Hala Stulecia,event_venue,4.7,14829,PRICE_LEVEL_UNSPECIFIED,51.106953399999995,17.0773287,30,60.0
Pomnik Bolesława Chrobrego we Wrocławiu,sculpture,4.4,347,PRICE_LEVEL_UNSPECIFIED,51.1043356,17.031349,30,60.0
Dom Krasnali,museum,5.0,1218,PRICE_LEVEL_UNSPECIFIED,51.1101013,17.0334642,30,120.0
Odrarium ZOO Wrocław,zoo,4.8,216,PRICE_LEVEL_UNSPECIFIED,51.104216699999995,17.0728155,30,180.0
Plac zabaw Średniowieczny Wrocław,playground,4.6,512,PRICE_LEVEL_UNSPECIFIED,51.1121376,16.9461943,30,60.0
Bobolandia,indoor_playground,4.3,3995,PRICE_LEVEL_UNSPECIFIED,51.0660885,17.0971407,30,60.0
Mini Park Linowy Zoolandia,sports_activity_location,4.5,685,PRICE_LEVEL_UNSPECIFIED,51.1026367,17.0764125,30,60.0
Loopy's World,amusement_center,4.3,2658,PRICE_LEVEL_UNSPECIFIED,51.045874,16.958225499999998,30,60.0
Pigcasso Creative Paint House,amusement_center,4.7,438,PRICE_LEVEL_UNSPECIFIED,51.1105569,17.0412245,30,60.0
Arcade Bee Wrocław,restaurant,4.8,524,PRICE_LEVEL_UNSPECIFIED,51.110774,17.0326395,30,90.0
Let Me Out Escape Room Wrocław,amusement_center,4.7,1487,PRICE_LEVEL_UNSPECIFIED,51.110481,17.0416644,30,60.0
EXIT19.PL,amusement_center,4.9,1447,PRICE_LEVEL_UNSPECIFIED,51.1083329,17.0318659,30,60.0
Trap Jungle,amusement_center,4.6,178,PRICE_LEVEL_UNSPECIFIED,51.120123799999995,17.0316772,30,60.0
MiMiSiE Animacje Warsztaty urodziny dla dzieci Wrocław,tourist_attraction,4.8,61,PRICE_LEVEL_UNSPECIFIED,51.111813999999995,17.117817499999997,30,60.0
Wiking Club Axe Throwing Wrocław,tourist_attraction,4.9,833,PRICE_LEVEL_UNSPECIFIED,51.106929699999995,17.0322054,30,60.0
Park trampolin Jump 4U Wrocław TGG Szczepin,amusement_center,4.3,307,PRICE_LEVEL_UNSPECIFIED,51.1176946,17.0008667,30,60.0
Klub Fikołki,amusement_center,4.4,1404,PRICE_LEVEL_UNSPECIFIED,51.0968467,17.0333969,30,60.0
Milu Malu,amusement_center,4.7,457,PRICE_LEVEL_UNSPECIFIED,51.1474488,17.112686,30,60.0
Zagrywki,lounge_bar,4.8,3428,PRICE_LEVEL_MODERATE,51.1000198,17.0300468,50,60.0
Pikoland sala zabaw CH ASTRA,amusement_center,4.3,294,PRICE_LEVEL_UNSPECIFIED,51.126590699999994,16.9756641,30,60.0
"Kwatera Zagadek Exitus - zagadkowe urodziny dla dzieci, pokoje zagadek, exit room dla dzieci",amusement_center,4.8,254,PRICE_LEVEL_UNSPECIFIED,51.112743699999996,17.0196134,30,60.0
Park trampolin Jump 4U Wrocław Tarnogaj,amusement_center,4.4,3878,PRICE_LEVEL_UNSPECIFIED,51.0855138,17.051365399999998,30,60.0
Aquapark Wrocław,water_park,4.4,40244,PRICE_LEVEL_UNSPECIFIED,51.091045799999996,17.032217,30,60.0
Sala Zabaw Piotruś Wrocław,amusement_center,4.4,732,PRICE_LEVEL_UNSPECIFIED,51.1183227,17.000754,30,60.0
Piwnica-Quest,amusement_center,4.7,338,PRICE_LEVEL_UNSPECIFIED,51.1070785,17.0176181,30,60.0
Pitlane Gokarty Wrocław - Tor Kartingowy Wroclavia track carts,go_karting_venue,4.9,4585,PRICE_LEVEL_UNSPECIFIED,51.0964484,17.0348373,30,60.0
Wodny Plac Zabaw,playground,4.7,661,PRICE_LEVEL_UNSPECIFIED,51.100717,17.0556555,30,60.0
Karuzela w Parku Staromiejskim,tourist_attraction,4.7,122,PRICE_LEVEL_UNSPECIFIED,51.104734199999996,17.0352836,30,60.0
Animation Show - Animacje dla dzieci i dorosłych,tourist_attraction,5.0,297,PRICE_LEVEL_UNSPECIFIED,51.1077527,17.0314828,30,60.0
Fox Games Arcade- salon gier wrocław,video_arcade,4.2,138,PRICE_LEVEL_UNSPECIFIED,51.1129426,17.0591226,30,60.0
Plac zabaw,playground,4.7,770,PRICE_LEVEL_UNSPECIFIED,51.09878,17.0067132,30,60.0
Trapped,amusement_center,4.7,235,PRICE_LEVEL_UNSPECIFIED,51.1069143,17.0347662,30,60.0
Niewidzialny Dom we Wrocławiu | Invisible House in Wroclaw,tourist_attraction,4.9,588,PRICE_LEVEL_UNSPECIFIED,51.1096493,17.0357988,30,60.0
Zwierciadła akustyczne,tourist_attraction,4.8,450,PRICE_LEVEL_UNSPECIFIED,51.1159995,17.029218,30,60.0
Grabowy Labirynt we Wrocławiu,tourist_attraction,4.6,2235,PRICE_LEVEL_UNSPECIFIED,51.0625171,17.072818299999998,30,60.0
Wystawa Pająków Wrocław,tourist_attraction,4.9,1331,PRICE_LEVEL_UNSPECIFIED,51.0945455,17.0196003,30,60.0
Ścieżka historii Wrocławia,tourist_attraction,4.5,78,PRICE_LEVEL_UNSPECIFIED,51.1127031,17.036884399999998,30,60.0
Krasnal Życzliwek Wrocławski,sculpture,4.7,1206,PRICE_LEVEL_UNSPECIFIED,51.1104576,17.0312092,30,60.0
Fontanna w Ogrodzie Staromiejskim,fountain,4.8,68,PRICE_LEVEL_UNSPECIFIED,51.1048939,17.033672799999998,30,60.0
Wall with bullet holes from WW2,historical_landmark,4.5,60,PRICE_LEVEL_UNSPECIFIED,51.1138212,17.035550699999998,30,60.0
"Krasnale Wodne: Puszczający Stateczki, Karmiący Ptaki, Ogrodnik,",fountain,4.7,355,PRICE_LEVEL_UNSPECIFIED,51.105326299999994,17.0331394,30,60.0
Wrocmania,tour_agency,5.0,54,PRICE_LEVEL_UNSPECIFIED,51.1092878,17.034046699999998,30,60.0
Rzeźba „Pociąg do nieba”,sculpture,4.6,1087,PRICE_LEVEL_UNSPECIFIED,51.112693199999995,17.0052853,30,60.0
Wroclaw Info Souvenirs Centrum Informacji Turystycznej,gift_shop,4.3,488,PRICE_LEVEL_UNSPECIFIED,51.1095144,17.030644199999998,30,60.0
Sky Tower,shopping_mall,4.3,42577,PRICE_LEVEL_UNSPECIFIED,51.0945733,17.0189505,30,60.0
Krasnal Papa,sculpture,4.6,545,PRICE_LEVEL_UNSPECIFIED,51.1075569,17.0325261,30,60.0
Viking Statek - Rejsy po Odrze Wrocław,tour_agency,4.8,141,PRICE_LEVEL_UNSPECIFIED,51.112376499999996,17.0431808,30,60.0
Pomnik Anonimowego Przechodnia we Wrocławiu,monument,4.8,2533,PRICE_LEVEL_UNSPECIFIED,51.1014406,17.029506299999998,30,60.0
Chmiel kawę - Specialty Coffee Concept,coffee_shop,4.9,1446,PRICE_LEVEL_MODERATE,51.1113602,17.0352362,50,60.0
El Gato Specialty Coffee Roasters,cafe,4.8,888,PRICE_LEVEL_MODERATE,51.1122058,17.031397899999998,50,45.0
Atelier Cafe - Breakfast & Specialty Coffee,coffee_shop,4.8,561,PRICE_LEVEL_UNSPECIFIED,51.113659899999995,17.0339329,30,60.0
cafe rozrusznik,cafe,4.8,1500,PRICE_LEVEL_MODERATE,51.116744999999995,17.0312306,50,45.0
OTO Coffee Bar,cafe,4.9,659,PRICE_LEVEL_MODERATE,51.1093494,17.0245536,50,45.0
Enklawa Cafe,coffee_shop,4.8,142,PRICE_LEVEL_UNSPECIFIED,51.122478799999996,17.0350234,30,60.0
Cafe Targowa,cafe,4.8,636,PRICE_LEVEL_UNSPECIFIED,51.1124939,17.0408014,30,45.0
Kraj Coffee,coffee_shop,4.8,529,PRICE_LEVEL_UNSPECIFIED,51.113689799999996,17.0337787,30,60.0
Kanapa Espresso Bar,cafe,4.8,212,PRICE_LEVEL_UNSPECIFIED,51.1207718,17.0362464,30,45.0
Cherubinowy Wędrowiec,cafe,4.8,1244,PRICE_LEVEL_MODERATE,51.11319460000001,17.036593,50,45.0
Noon | Specialty coffee & food,coffee_shop,4.6,539,PRICE_LEVEL_UNSPECIFIED,51.117397000000004,17.0454897,30,60.0
"TOGO coffee, matcha & shit",coffee_shop,5.0,68,PRICE_LEVEL_UNSPECIFIED,51.1084793,17.0365924,30,60.0
Larks Cafe,coffee_shop,4.8,227,PRICE_LEVEL_UNSPECIFIED,51.1118884,17.0321835,30,60.0
ŁYK,coffee_shop,5.0,339,PRICE_LEVEL_UNSPECIFIED,51.113516,17.031295699999998,30,60.0
Parrot Coffee,cafe,4.7,1835,PRICE_LEVEL_MODERATE,51.1175551,17.041744899999998,50,45.0
KIOSSO,coffee_shop,4.9,553,PRICE_LEVEL_UNSPECIFIED,51.1107283,17.0372415,30,60.0
Cafe Równik,cafe,4.9,895,PRICE_LEVEL_INEXPENSIVE,51.119194699999994,17.0388208,20,45.0
BRÚ | speciality coffee & vegan bakehouse,coffee_shop,4.7,136,PRICE_LEVEL_UNSPECIFIED,51.1162419,17.033067,30,60.0
Kawastrofa - coffee & vegan cakes,cafe,4.8,390,PRICE_LEVEL_UNSPECIFIED,51.1146411,17.0267743,30,45.0
FC CAFFE,coffee_shop,4.7,3039,PRICE_LEVEL_MODERATE,51.113199599999994,17.0348278,50,60.0
Fama cafe,coffee_shop,4.9,168,PRICE_LEVEL_UNSPECIFIED,51.1191641,17.053221399999998,30,60.0
Ciekawa - local coffee place,coffee_shop,4.8,197,PRICE_LEVEL_UNSPECIFIED,51.118020599999994,17.0601697,30,60.0
Lava Cafe | śniadanie & kawa,coffee_shop,4.6,652,PRICE_LEVEL_MODERATE,51.112711499999996,17.0327591,50,60.0
Kawiarnia 8m2_grunwald,cafe,4.9,267,PRICE_LEVEL_UNSPECIFIED,51.110212499999996,17.0624128,30,45.0
Vinyl Cafe,cafe,4.7,3182,PRICE_LEVEL_MODERATE,51.1117285,17.0326426,50,45.0
Trzy Siostry,coffee_shop,4.9,153,PRICE_LEVEL_UNSPECIFIED,51.113648,17.0338399,30,60.0
Kawiarnia Filmowa,coffee_shop,4.9,53,PRICE_LEVEL_UNSPECIFIED,51.121189799999996,17.0423115,30,60.0
Kawiarenka św. Jadwigi,cafe,4.8,528,PRICE_LEVEL_INEXPENSIVE,51.1159434,17.0434374,20,45.0
Kaffe Bageri Stockholm,coffee_shop,4.7,629,PRICE_LEVEL_UNSPECIFIED,51.1118045,17.0365681,30,60.0
Baldachim Kawiarnia,coffee_shop,4.7,170,PRICE_LEVEL_UNSPECIFIED,51.1152221,17.0407881,30,60.0
WW Café,coffee_shop,4.6,541,PRICE_LEVEL_UNSPECIFIED,51.1232925,17.0564048,30,60.0
Black Point Cafe Sądowa specialty coffee & breakfast,cafe,4.7,790,PRICE_LEVEL_MODERATE,51.1052154,17.0234616,50,45.0
Paloma Coffee,coffee_shop,4.6,2157,PRICE_LEVEL_MODERATE,51.1095489,17.0287741,50,60.0
Kawiarnia Coffilm,cafeteria,4.8,888,PRICE_LEVEL_UNSPECIFIED,51.114005899999995,17.059396900000003,30,60.0
WUWA Cafe,coffee_shop,4.8,855,PRICE_LEVEL_MODERATE,51.1045118,17.0841583,50,60.0
Cafe Angelus,coffee_shop,5.0,64,PRICE_LEVEL_UNSPECIFIED,51.1145357,17.0603864,30,60.0
Popiół i diament,cafe,4.7,523,PRICE_LEVEL_MODERATE,51.110338999999996,17.0303941,50,45.0
Enklawa Wrocławska Palarnia Kawy,cafe,4.7,327,PRICE_LEVEL_UNSPECIFIED,51.1125088,17.0409324,30,45.0
City Speciality Café,cafe,5.0,231,PRICE_LEVEL_UNSPECIFIED,51.090253,16.9920752,30,45.0
Fiore Caffe | Coffee & Breakfast,breakfast_restaurant,4.7,257,PRICE_LEVEL_UNSPECIFIED,51.1092533,17.028617999999998,30,60.0
Kot Cafe,cafe,4.6,3656,PRICE_LEVEL_MODERATE,51.1182679,17.0297806,50,45.0
Giselle Cafe Bistro,bistro,4.6,3877,PRICE_LEVEL_MODERATE,51.111536799999996,17.0353633,50,60.0
Słodki chłopak - Pracownia cukiernicza i kawiarnia,coffee_shop,4.7,1306,PRICE_LEVEL_MODERATE,51.122608299999996,17.0444015,50,60.0
Gniazdo,cafe,4.6,4122,PRICE_LEVEL_MODERATE,51.1053861,17.0315415,50,45.0
COFFEEBARA Kawiarnia,coffee_roastery,4.5,215,PRICE_LEVEL_UNSPECIFIED,51.1090921,17.0378744,30,60.0
Dziady i Koktajle,bar,4.9,679,PRICE_LEVEL_UNSPECIFIED,51.1121457,17.0306603,30,60.0
hydrant cafe,coffee_shop,4.9,62,PRICE_LEVEL_UNSPECIFIED,51.094744999999996,17.0276744,30,60.0
Art Cafe Kalambur,cafe,4.6,1867,PRICE_LEVEL_MODERATE,51.112777699999995,17.0346203,50,45.0
KAWIARNIA ON CAFE ... 3min od obwodnicy / zjazd Wrocław Północ / parking,cafe,4.9,422,PRICE_LEVEL_MODERATE,51.1772868,17.0157482,50,45.0
Kawalerka,cafe,4.7,624,PRICE_LEVEL_INEXPENSIVE,51.111459599999996,17.0549689,20,45.0
Poko Bakery & Cafe,coffee_shop,4.6,1364,PRICE_LEVEL_UNSPECIFIED,51.108826,17.0266156,30,60.0
Herbaciarnia Czajownia,cafe,4.8,2476,PRICE_LEVEL_MODERATE,51.11127,17.0274893,50,45.0
Kawiarnia WAGA monko.COFFEE,cafe,4.8,335,PRICE_LEVEL_INEXPENSIVE,51.1044711,17.0079994,20,45.0
Mała Czarna - Kawiarnia,cafe,4.6,1066,PRICE_LEVEL_MODERATE,51.117469899999996,17.090481300000004,50,45.0
Yamamoto Matcha Cafe,coffee_shop,4.6,54,PRICE_LEVEL_UNSPECIFIED,51.108201,17.0358743,30,60.0
KOTON Kocia Kawiarnia,cafe,4.6,3159,PRICE_LEVEL_MODERATE,51.111336699999995,17.0335341,50,45.0
Słodki Chłopak - Pracownia cukiernicza i kawiarnia,coffee_shop,4.7,443,PRICE_LEVEL_UNSPECIFIED,51.103271899999996,17.041857699999998,30,60.0
IDA kuchnia i wino,restaurant,4.8,1883,PRICE_LEVEL_MODERATE,51.1124632,17.0291031,50,90.0
Restauracja Rynek 26,restaurant,4.6,631,PRICE_LEVEL_UNSPECIFIED,51.109014599999995,17.032446399999998,30,90.0
The Cork,restaurant,4.8,1390,PRICE_LEVEL_MODERATE,51.11141,17.0319394,50,90.0
Bernard Piwiarnia- Restauracja,restaurant,4.6,8080,PRICE_LEVEL_MODERATE,51.1100028,17.0334137,50,90.0
"Restauracja ""La Colonna""",mediterranean_restaurant,4.8,474,PRICE_LEVEL_UNSPECIFIED,51.1117929,17.0284582,30,60.0
Restauracja Drevny Kocur Rynek Wrocław,czech_restaurant,4.5,4989,PRICE_LEVEL_MODERATE,51.109524699999994,17.030515899999997,50,60.0
Między Mostami - Kuchnia Polska - Restauracja Wrocław,restaurant,4.7,378,PRICE_LEVEL_UNSPECIFIED,51.114762,17.0311294,30,90.0
Pod przykrywką,vegetarian_restaurant,4.8,1933,PRICE_LEVEL_MODERATE,51.11317090000001,17.032564,50,60.0
Le Barometre Bistro & Cocktail Bar,restaurant,4.7,1172,PRICE_LEVEL_UNSPECIFIED,51.110668999999994,17.0331892,30,90.0
Konspira,polish_restaurant,4.6,11676,PRICE_LEVEL_MODERATE,51.1091955,17.0283516,50,60.0
BIAŁY NALEW,gastropub,4.8,2255,PRICE_LEVEL_MODERATE,51.1106428,17.0331924,50,60.0
Enigma RestoBar,restaurant,4.6,1341,PRICE_LEVEL_MODERATE,51.1094594,17.0309854,50,90.0
BABA,restaurant,4.6,877,PRICE_LEVEL_UNSPECIFIED,51.112740300000006,17.031823499999998,30,90.0
Bernard bistro-wino,restaurant,4.6,375,PRICE_LEVEL_UNSPECIFIED,51.1101013,17.0334642,30,90.0
Pierogarnia ze smakiem Wrocław,dumpling_restaurant,4.9,1088,PRICE_LEVEL_UNSPECIFIED,51.111615300000004,17.0249669,30,60.0
Emily. Italian Stories. Restaurant,italian_restaurant,4.7,2399,PRICE_LEVEL_UNSPECIFIED,51.111083199999996,17.034794899999998,30,60.0
VaffaNapoli,italian_restaurant,4.6,8225,PRICE_LEVEL_MODERATE,51.1084155,17.0241875,50,60.0
Restauracja przystań&marina,restaurant,4.6,4113,PRICE_LEVEL_EXPENSIVE,51.114832199999995,17.032929799999998,120,90.0
Restauracja La Maddalena,fine_dining_restaurant,4.5,2814,PRICE_LEVEL_EXPENSIVE,51.1143103,17.0314381,120,60.0
Oliwa i Ogień Oławska,italian_restaurant,4.5,4341,PRICE_LEVEL_MODERATE,51.1081723,17.0365246,50,60.0
Pod Papugami - Restaurant & Cocktail Bar,restaurant,4.6,3414,PRICE_LEVEL_EXPENSIVE,51.110031199999995,17.031303299999998,120,90.0
India Concept,restaurant,4.7,2369,PRICE_LEVEL_MODERATE,51.1111419,17.0297889,50,90.0
Restauracja Piwnica Świdnicka Wrocław,restaurant,4.4,3944,PRICE_LEVEL_UNSPECIFIED,51.109467099999996,17.031982799999998,30,90.0
RESTAURACJA FORUM KULINARNE,mediterranean_restaurant,4.6,1145,PRICE_LEVEL_EXPENSIVE,51.106514,17.0297567,120,60.0
Mikines Original Greek Grill Restaurant,greek_restaurant,4.8,1387,PRICE_LEVEL_MODERATE,51.112577599999995,17.0336465,50,60.0
El Cubano - Restauracja Kubańska,cuban_restaurant,4.7,1230,PRICE_LEVEL_MODERATE,51.1127815,17.031656899999998,50,60.0
Breslauer Restaurant,restaurant,4.4,649,PRICE_LEVEL_UNSPECIFIED,51.110637999999994,17.031757,30,90.0
Restauracja Wrocławska,restaurant,4.6,3646,PRICE_LEVEL_MODERATE,51.1111397,17.0349957,50,90.0
Restauracja Kurna Chata,polish_restaurant,4.1,7709,PRICE_LEVEL_MODERATE,51.1126492,17.031294199999998,50,60.0
Królestwo Ziemniaka,restaurant,4.6,1119,PRICE_LEVEL_MODERATE,51.110653799999994,17.0294778,50,90.0
Dwór Polski Restauracja,restaurant,4.5,1584,PRICE_LEVEL_EXPENSIVE,51.1105211,17.030434100000004,120,90.0
Młoda Polska bistro & pianino,bistro,4.5,3114,PRICE_LEVEL_MODERATE,51.1098935,17.0294398,50,60.0
Kolacja w Ciemności,restaurant,4.7,195,PRICE_LEVEL_UNSPECIFIED,51.1105211,17.030434100000004,30,90.0
Soczewka,hamburger_restaurant,4.6,3669,PRICE_LEVEL_MODERATE,51.1092527,17.0316294,50,60.0
Pierogarnia Stary Młyn Wrocław,dumpling_restaurant,4.4,16066,PRICE_LEVEL_MODERATE,51.1092085,17.0331316,50,60.0
Żeberka!,restaurant,4.6,1359,PRICE_LEVEL_MODERATE,51.109634799999995,17.0242237,50,90.0
"ReBro - Ribs, Burgers & Steaks",restaurant,4.6,3948,PRICE_LEVEL_MODERATE,51.1116251,17.0318333,50,90.0
Bistro Stu Mostów,restaurant,4.6,2067,PRICE_LEVEL_MODERATE,51.108506,17.0331244,50,90.0
Chinkalnia Restauracja Gruzińska,eastern_european_restaurant,4.7,5373,PRICE_LEVEL_MODERATE,51.1099787,17.0320578,50,60.0
Concordia Taste Wrocław,restaurant,4.7,892,PRICE_LEVEL_UNSPECIFIED,51.1161551,17.039087,30,90.0
Restauracja Bella Storia,restaurant,4.5,5236,PRICE_LEVEL_MODERATE,51.113965099999994,17.069944,50,90.0
Restauracja Česká,czech_restaurant,4.5,9217,PRICE_LEVEL_MODERATE,51.1078459,17.0327859,50,60.0
Woosabi Świdnicka - Good Vibes Lounge,asian_fusion_restaurant,4.5,3156,PRICE_LEVEL_MODERATE,51.1063416,17.031838099999998,50,60.0
Restauracja Pod Fredrą,polish_restaurant,4.2,2310,PRICE_LEVEL_EXPENSIVE,51.109850099999996,17.0315586,120,60.0
"Mollinari – Restauracja włoska, pizza & pasta Wrocław Rynek",restaurant,4.6,1897,PRICE_LEVEL_MODERATE,51.110499999999995,17.034171999999998,50,90.0
STÓŁ na Szwedzkiej - studio kulinarne,restaurant,4.8,1825,PRICE_LEVEL_MODERATE,51.110104899999996,16.9615077,50,90.0
Mamine Smaki,restaurant,4.8,1025,PRICE_LEVEL_INEXPENSIVE,51.1187481,17.0319586,20,90.0
Greco Wrocław Rynek,greek_restaurant,4.3,3269,PRICE_LEVEL_MODERATE,51.109420899999996,17.030796199999997,50,60.0
RAGU PRACOWNIA MAKARONU,italian_restaurant,4.5,8546,PRICE_LEVEL_MODERATE,51.1170963,17.0490167,50,60.0
Whiskey in the Jar,steak_house,4.5,13240,PRICE_LEVEL_EXPENSIVE,51.1092096,17.032127799999998,120,60.0
Restauracja Wierzbowa 15 by Juanlu Fernandez,restaurant,4.6,87,PRICE_LEVEL_UNSPECIFIED,51.1049686,17.0364123,30,90.0
Restauracja Lwia Brama²,polish_restaurant,4.5,1957,PRICE_LEVEL_MODERATE,51.114186,17.0440984,50,60.0
Woosabi Włodkowica - Urban Oasis,asian_fusion_restaurant,4.5,4464,PRICE_LEVEL_MODERATE,51.1089823,17.023437800000004,50,60.0
Restauracja Patio,restaurant,4.5,469,PRICE_LEVEL_EXPENSIVE,51.111914999999996,17.0295894,120,90.0
Taverna Akropolis,greek_restaurant,4.4,3934,PRICE_LEVEL_MODERATE,51.109287699999996,17.0316023,50,60.0
Campo Modern Grill,steak_house,4.6,1955,PRICE_LEVEL_EXPENSIVE,51.107647799999995,17.0427782,120,60.0
SETKA - Restauracja Polska - Restaurant Wrocław,polish_restaurant,4.5,10973,PRICE_LEVEL_INEXPENSIVE,51.1078091,17.0313594,20,60.0
Chatka przy Jatkach,polish_restaurant,4.3,4182,PRICE_LEVEL_MODERATE,51.111928899999995,17.0313524,50,60.0
Brusco,italian_restaurant,4.7,3385,PRICE_LEVEL_MODERATE,51.105452299999996,17.0317719,50,60.0
